<bundles>
  <web-resource key="852">
    <transformation extension="js">
      <transformer key="jsI18n"/>
    </transformation>
    <dependency>com.atlassian.plugins.atlassian-plugins-webresource-plugin:context-path</dependency>
    <resource type="download" name="bundled.@atlaskit-internal_dynamic-table.js" location="frontend/bundled.@atlaskit-internal_dynamic-table.js"/>
  </web-resource>
  <web-resource key="389">
    <transformation extension="js">
      <transformer key="jsI18n"/>
    </transformation>
    <dependency>com.atlassian.plugins.atlassian-plugins-webresource-plugin:context-path</dependency>
    <resource type="download" name="bundled.@atlaskit-internal_atlassian-custom-theme.js" location="frontend/bundled.@atlaskit-internal_atlassian-custom-theme.js"/>
  </web-resource>
  <web-resource key="334">
    <transformation extension="js">
      <transformer key="jsI18n"/>
    </transformation>
    <dependency>com.atlassian.plugins.atlassian-plugins-webresource-plugin:context-path</dependency>
    <resource type="download" name="bundled.@atlaskit-internal_atlassian-light.js" location="frontend/bundled.@atlaskit-internal_atlassian-light.js"/>
  </web-resource>
  <web-resource key="338">
    <transformation extension="js">
      <transformer key="jsI18n"/>
    </transformation>
    <dependency>com.atlassian.plugins.atlassian-plugins-webresource-plugin:context-path</dependency>
    <resource type="download" name="bundled.@atlaskit-internal_atlassian-light-future.js" location="frontend/bundled.@atlaskit-internal_atlassian-light-future.js"/>
  </web-resource>
  <web-resource key="631">
    <transformation extension="js">
      <transformer key="jsI18n"/>
    </transformation>
    <dependency>com.atlassian.plugins.atlassian-plugins-webresource-plugin:context-path</dependency>
    <resource type="download" name="bundled.@atlaskit-internal_atlassian-light-increased-contrast.js" location="frontend/bundled.@atlaskit-internal_atlassian-light-increased-contrast.js"/>
  </web-resource>
  <web-resource key="903">
    <transformation extension="js">
      <transformer key="jsI18n"/>
    </transformation>
    <dependency>com.atlassian.plugins.atlassian-plugins-webresource-plugin:context-path</dependency>
    <resource type="download" name="bundled.@atlaskit-internal_atlassian-dark.js" location="frontend/bundled.@atlaskit-internal_atlassian-dark.js"/>
  </web-resource>
  <web-resource key="983">
    <transformation extension="js">
      <transformer key="jsI18n"/>
    </transformation>
    <dependency>com.atlassian.plugins.atlassian-plugins-webresource-plugin:context-path</dependency>
    <resource type="download" name="bundled.@atlaskit-internal_atlassian-dark-future.js" location="frontend/bundled.@atlaskit-internal_atlassian-dark-future.js"/>
  </web-resource>
  <web-resource key="555">
    <transformation extension="js">
      <transformer key="jsI18n"/>
    </transformation>
    <dependency>com.atlassian.plugins.atlassian-plugins-webresource-plugin:context-path</dependency>
    <resource type="download" name="bundled.@atlaskit-internal_atlassian-dark-increased-contrast.js" location="frontend/bundled.@atlaskit-internal_atlassian-dark-increased-contrast.js"/>
  </web-resource>
  <web-resource key="25">
    <transformation extension="js">
      <transformer key="jsI18n"/>
    </transformation>
    <dependency>com.atlassian.plugins.atlassian-plugins-webresource-plugin:context-path</dependency>
    <resource type="download" name="bundled.@atlaskit-internal_atlassian-legacy-light.js" location="frontend/bundled.@atlaskit-internal_atlassian-legacy-light.js"/>
  </web-resource>
  <web-resource key="214">
    <transformation extension="js">
      <transformer key="jsI18n"/>
    </transformation>
    <dependency>com.atlassian.plugins.atlassian-plugins-webresource-plugin:context-path</dependency>
    <resource type="download" name="bundled.@atlaskit-internal_atlassian-legacy-dark.js" location="frontend/bundled.@atlaskit-internal_atlassian-legacy-dark.js"/>
  </web-resource>
  <web-resource key="436">
    <transformation extension="js">
      <transformer key="jsI18n"/>
    </transformation>
    <dependency>com.atlassian.plugins.atlassian-plugins-webresource-plugin:context-path</dependency>
    <resource type="download" name="bundled.@atlaskit-internal_atlassian-spacing.js" location="frontend/bundled.@atlaskit-internal_atlassian-spacing.js"/>
  </web-resource>
  <web-resource key="261">
    <transformation extension="js">
      <transformer key="jsI18n"/>
    </transformation>
    <dependency>com.atlassian.plugins.atlassian-plugins-webresource-plugin:context-path</dependency>
    <resource type="download" name="bundled.@atlaskit-internal_atlassian-typography-adg3.js" location="frontend/bundled.@atlaskit-internal_atlassian-typography-adg3.js"/>
  </web-resource>
  <web-resource key="210">
    <transformation extension="js">
      <transformer key="jsI18n"/>
    </transformation>
    <dependency>com.atlassian.plugins.atlassian-plugins-webresource-plugin:context-path</dependency>
    <resource type="download" name="bundled.@atlaskit-internal_atlassian-shape.js" location="frontend/bundled.@atlaskit-internal_atlassian-shape.js"/>
  </web-resource>
  <web-resource key="630">
    <transformation extension="js">
      <transformer key="jsI18n"/>
    </transformation>
    <dependency>com.atlassian.plugins.atlassian-plugins-webresource-plugin:context-path</dependency>
    <resource type="download" name="bundled.@atlaskit-internal_atlassian-typography-modernized.js" location="frontend/bundled.@atlaskit-internal_atlassian-typography-modernized.js"/>
  </web-resource>
  <web-resource key="589">
    <transformation extension="js">
      <transformer key="jsI18n"/>
    </transformation>
    <dependency>com.atlassian.plugins.atlassian-plugins-webresource-plugin:context-path</dependency>
    <resource type="download" name="bundled.@atlaskit-internal_atlassian-typography-refreshed.js" location="frontend/bundled.@atlaskit-internal_atlassian-typography-refreshed.js"/>
  </web-resource>
  <web-resource key="625">
    <transformation extension="js">
      <transformer key="jsI18n"/>
    </transformation>
    <dependency>com.atlassian.plugins.atlassian-plugins-webresource-plugin:context-path</dependency>
    <resource type="download" name="bundled.@atlaskit-internal_atlassian-light-brand-refresh.js" location="frontend/bundled.@atlaskit-internal_atlassian-light-brand-refresh.js"/>
  </web-resource>
  <web-resource key="353">
    <transformation extension="js">
      <transformer key="jsI18n"/>
    </transformation>
    <dependency>com.atlassian.plugins.atlassian-plugins-webresource-plugin:context-path</dependency>
    <resource type="download" name="bundled.@atlaskit-internal_atlassian-dark-brand-refresh.js" location="frontend/bundled.@atlaskit-internal_atlassian-dark-brand-refresh.js"/>
  </web-resource>
  <web-resource key="entrypoint-wmprRequestsTable">
    <transformation extension="js">
      <transformer key="jsI18n"/>
    </transformation>
    <context>servicedesk.portal.footer</context>
    <context>atl.general</context>
    <context>atl.admin</context>
    <context>jira.project.sidebar</context>
    <dependency>com.atlassian.plugins.atlassian-plugins-webresource-plugin:context-path</dependency>
    <dependency>jira.webresources:util</dependency>
    <dependency>com.atlassian.plugins.atlassian-plugins-webresource-rest:web-resource-manager</dependency>
    <resource type="download" name="bundled.wmprRequestsTable.js" location="frontend/bundled.wmprRequestsTable.js"/>
  </web-resource>
  <web-resource key="entrypoint-wmprSettings">
    <transformation extension="js">
      <transformer key="jsI18n"/>
    </transformation>
    <context>atl.admin</context>
    <context>jira.project.sidebar</context>
    <context>atl.general</context>
    <dependency>com.atlassian.plugins.atlassian-plugins-webresource-plugin:context-path</dependency>
    <dependency>jira.webresources:util</dependency>
    <dependency>com.atlassian.plugins.atlassian-plugins-webresource-rest:web-resource-manager</dependency>
    <resource type="download" name="bundled.wmprSettings.js" location="frontend/bundled.wmprSettings.js"/>
  </web-resource>
  <web-resource key="assets-10099b35-1147-4433-81b7-82496c161778">
    <resource type="download" name="bundled.@atlaskit-internal_atlassian-custom-theme.js.LICENSE.txt" location="frontend/bundled.@atlaskit-internal_atlassian-custom-theme.js.LICENSE.txt"/>
    <resource type="download" name="bundled.@atlaskit-internal_dynamic-table.js.LICENSE.txt" location="frontend/bundled.@atlaskit-internal_dynamic-table.js.LICENSE.txt"/>
    <resource type="download" name="bundled.wmprRequestsTable.js.LICENSE.txt" location="frontend/bundled.wmprRequestsTable.js.LICENSE.txt"/>
    <resource type="download" name="bundled.wmprSettings.js.LICENSE.txt" location="frontend/bundled.wmprSettings.js.LICENSE.txt"/>
  </web-resource>
</bundles>